{
    "positive": {
        "precision": 0.6462882096069869,
        "recall": 0.4340175953079179,
        "f1-score": 0.519298245614035,
        "support": 341.0
    },
    "negative": {
        "precision": 0.5686274509803921,
        "recall": 0.5761589403973509,
        "f1-score": 0.5723684210526315,
        "support": 151.0
    },
    "neutral": {
        "precision": 0.7385542168674699,
        "recall": 0.8513888888888889,
        "f1-score": 0.7909677419354839,
        "support": 720.0
    },
    "accuracy": 0.6996699669966997,
    "macro avg": {
        "precision": 0.6511566258182829,
        "recall": 0.6205218081980526,
        "f1-score": 0.6275448028673835,
        "support": 1212.0
    },
    "weighted avg": {
        "precision": 0.6914241425070958,
        "recall": 0.6996699669966997,
        "f1-score": 0.6872979435040278,
        "support": 1212.0
    }
}