{
    "positive": {
        "precision": 0.6541353383458647,
        "recall": 0.5102639296187683,
        "f1-score": 0.5733113673805601,
        "support": 341.0
    },
    "negative": {
        "precision": 0.5733333333333334,
        "recall": 0.5695364238410596,
        "f1-score": 0.5714285714285714,
        "support": 151.0
    },
    "neutral": {
        "precision": 0.7613065326633166,
        "recall": 0.8416666666666667,
        "f1-score": 0.7994722955145118,
        "support": 720.0
    },
    "accuracy": 0.7145214521452146,
    "macro avg": {
        "precision": 0.6629250681141715,
        "recall": 0.6404890067088315,
        "f1-score": 0.6480707447745478,
        "support": 1212.0
    },
    "weighted avg": {
        "precision": 0.7077344779099515,
        "recall": 0.7145214521452146,
        "f1-score": 0.7074298212317935,
        "support": 1212.0
    }
}