{
    "positive": {
        "precision": 0.7254901960784313,
        "recall": 0.3255131964809384,
        "f1-score": 0.4493927125506073,
        "support": 341.0
    },
    "negative": {
        "precision": 0.5723270440251572,
        "recall": 0.6026490066225165,
        "f1-score": 0.5870967741935483,
        "support": 151.0
    },
    "neutral": {
        "precision": 0.73,
        "recall": 0.9125,
        "f1-score": 0.8111111111111111,
        "support": 720.0
    },
    "accuracy": 0.7087458745874587,
    "macro avg": {
        "precision": 0.6759390800345294,
        "recall": 0.6135540677011516,
        "f1-score": 0.6158668659517555,
        "support": 1212.0
    },
    "weighted avg": {
        "precision": 0.7090870796291616,
        "recall": 0.7087458745874587,
        "f1-score": 0.6814311286163225,
        "support": 1212.0
    }
}