{
    "positive": {
        "precision": 0.6606334841628959,
        "recall": 0.4281524926686217,
        "f1-score": 0.5195729537366548,
        "support": 341.0
    },
    "negative": {
        "precision": 0.5833333333333334,
        "recall": 0.6026490066225165,
        "f1-score": 0.5928338762214984,
        "support": 151.0
    },
    "neutral": {
        "precision": 0.7413173652694611,
        "recall": 0.8597222222222223,
        "f1-score": 0.7961414790996785,
        "support": 720.0
    },
    "accuracy": 0.7062706270627063,
    "macro avg": {
        "precision": 0.6617613942552302,
        "recall": 0.6301745738377869,
        "f1-score": 0.636182769685944,
        "support": 1212.0
    },
    "weighted avg": {
        "precision": 0.6989338732895156,
        "recall": 0.7062706270627063,
        "f1-score": 0.6929984797734439,
        "support": 1212.0
    }
}