{
    "positive": {
        "precision": 0.5752508361204013,
        "recall": 0.5043988269794721,
        "f1-score": 0.5375,
        "support": 341.0
    },
    "negative": {
        "precision": 0.6030534351145038,
        "recall": 0.5231788079470199,
        "f1-score": 0.5602836879432624,
        "support": 151.0
    },
    "neutral": {
        "precision": 0.7506393861892583,
        "recall": 0.8152777777777778,
        "f1-score": 0.7816245006657789,
        "support": 720.0
    },
    "accuracy": 0.6914191419141914,
    "macro avg": {
        "precision": 0.6429812191413878,
        "recall": 0.6142851375680899,
        "f1-score": 0.6264693962030138,
        "support": 1212.0
    },
    "weighted avg": {
        "precision": 0.6829059091382944,
        "recall": 0.6914191419141914,
        "f1-score": 0.685363017622767,
        "support": 1212.0
    }
}