{
    "positive": {
        "precision": 0.7205882352941176,
        "recall": 0.2873900293255132,
        "f1-score": 0.4109014675052411,
        "support": 341.0
    },
    "negative": {
        "precision": 0.5620437956204379,
        "recall": 0.5099337748344371,
        "f1-score": 0.5347222222222222,
        "support": 151.0
    },
    "neutral": {
        "precision": 0.7092651757188498,
        "recall": 0.925,
        "f1-score": 0.8028933092224232,
        "support": 720.0
    },
    "accuracy": 0.6938943894389439,
    "macro avg": {
        "precision": 0.6639657355444685,
        "recall": 0.5741079347199834,
        "f1-score": 0.5828389996499621,
        "support": 1212.0
    },
    "weighted avg": {
        "precision": 0.6941090164121718,
        "recall": 0.6938943894389439,
        "f1-score": 0.6591944212994947,
        "support": 1212.0
    }
}