{
    "positive": {
        "precision": 0.33766233766233766,
        "recall": 0.07624633431085044,
        "f1-score": 0.12440191387559808,
        "support": 341.0
    },
    "negative": {
        "precision": 0.2,
        "recall": 0.12582781456953643,
        "f1-score": 0.15447154471544716,
        "support": 151.0
    },
    "neutral": {
        "precision": 0.5951923076923077,
        "recall": 0.8597222222222223,
        "f1-score": 0.7034090909090909,
        "support": 720.0
    },
    "accuracy": 0.5478547854785478,
    "macro avg": {
        "precision": 0.3776182151182151,
        "recall": 0.35393212370086974,
        "f1-score": 0.32742751650004537,
        "support": 1212.0
    },
    "weighted avg": {
        "precision": 0.4734994378558735,
        "recall": 0.5478547854785478,
        "f1-score": 0.4721128723912186,
        "support": 1212.0
    }
}