{
    "positive": {
        "precision": 0.5944272445820433,
        "recall": 0.5630498533724341,
        "f1-score": 0.5783132530120482,
        "support": 341.0
    },
    "negative": {
        "precision": 0.5652173913043478,
        "recall": 0.6026490066225165,
        "f1-score": 0.5833333333333334,
        "support": 151.0
    },
    "neutral": {
        "precision": 0.7815934065934066,
        "recall": 0.7902777777777777,
        "f1-score": 0.7859116022099447,
        "support": 720.0
    },
    "accuracy": 0.7029702970297029,
    "macro avg": {
        "precision": 0.6470793474932659,
        "recall": 0.6519922125909096,
        "f1-score": 0.6491860628517755,
        "support": 1212.0
    },
    "weighted avg": {
        "precision": 0.7019758822084868,
        "recall": 0.7029702970297029,
        "f1-score": 0.7022644440607277,
        "support": 1212.0
    }
}